n,MeanDiff,MSR,Upper Ratio Limit,Lower Ratio Limit,Upper Agreement Limit,Lower Agreement Limit
32,0.5300205009323001,2.874563609152254,0.6411491528433668,0.4381534782705323,1.5556950507366814,0.18057634835021108
