n,MeanDiff,MSR,Upper Ratio Limit,Lower Ratio Limit,Upper Agreement Limit,Lower Agreement Limit
32,0.8542828477370529,3.3314101287360716,1.0612444910251564,0.6876824238990835,2.914440593256772,0.2504079807378084
