n,MeanDiff,MSD,Upper Difference Limit,Lower Difference Limit,Upper Agreement Limit,Lower Agreement Limit
10000,-0.008616275913265128,11.979173281975877,0.10879167710907642,-0.12602422893560666,11.732179026320889,-11.74941157814742
