n,MeanDiff,MSR,Upper Ratio Limit,Lower Ratio Limit,Upper Agreement Limit,Lower Agreement Limit
32,1.061843846228981,2.526942461021852,1.2549782703946846,0.8984317739778546,2.732813362174679,0.4125830067213666
