n,MeanDiff,MSD,Upper Difference Limit,Lower Difference Limit,Upper Agreement Limit,Lower Agreement Limit
320,-0.0017950468511879875,21.097749840525218,1.1583975421512354,-1.1619876358536114,20.75236092115596,-20.75595101485834
