n,MeanDiff,MSD,Upper Difference Limit,Lower Difference Limit,Upper Agreement Limit,Lower Agreement Limit
320,-0.10502913444583833,18.212032032671832,0.8964740947940149,-1.1065323636856914,17.810405267681094,-18.020463536572773
