n,MeanDiff,MSR,Upper Ratio Limit,Lower Ratio Limit,Upper Agreement Limit,Lower Agreement Limit
30,0.9900275791235138,3.525096309679381,1.2525809288129162,0.7825080079688488,3.5908102296539974,0.27296196254838306
