Sample,Exp1,Exp2,Potency,Meas1,Meas2,MeasMean,MeasDiff,GeoMean,Ratio,toExclude,asControl,Outlier,Label,Class
1A,0.0228209746026534,0.006359277384125087,TRUE,-1.64166581234917,-2.196592231193843,-1.9191290217715067,0.554926418844673,0.01204677997119341,3.5886112877576775,NA,NA,FALSE,NA,NA
2A,0.10546522677603191,0.09724027702138657,TRUE,-0.9768907091686061,-1.0121538125941463,-0.9945222608813762,0.035263103425540177,0.1012692839306406,1.0845837754332641,NA,NA,FALSE,NA,NA
3A,0.47218155906077935,1.8209086190592165,TRUE,-0.3258909781944656,0.2602881515971557,-0.03280141329865496,-0.5861791297916212,0.9272537250691375,0.2593109583416299,NA,NA,FALSE,NA,NA
4A,20.087341207213203,5.486305797495426,TRUE,1.302922456636185,0.7392800107901253,1.021101233713155,0.5636424458460597,10.497871047093431,3.6613601116407604,NA,NA,FALSE,NA,NA
5A,82.50728449255526,146.76519954489675,TRUE,1.916492293704589,2.166623089385739,2.0415576915451643,-0.25013079568115026,110.0418014776996,0.5621719913739875,NA,NA,FALSE,NA,NA
