n,MeanDiff,MSR,Upper Ratio Limit,Lower Ratio Limit,Upper Agreement Limit,Lower Agreement Limit
5,1.1574557813806703,10.148990688921232,4.878922515875914,0.27459011318424703,28.88306728716125,0.04638371238525094
