n,MeanDiff,MSR,Upper Ratio Limit,Lower Ratio Limit,Upper Agreement Limit,Lower Agreement Limit
32,0.8612555091081258,2.3068618255535513,1.0013217084893968,0.7407819541714765,2.019880665738462,0.36723013619119504
